"title"	"platform"	"charc_vec"	"description"	"source"	"supplementary_file"	"experiment"	"samples"
"GSM156764"	"Unstimulated HELA cells"	"GPL96"	"HeLa cells"	"Gene expression data from unstimulated HELA cells."	"Human cervical carcinoma cell line"	"ftp://ftp.ncbi.nlm.nih.gov/pub/geo/DATA/supplementary/samples/GSM156nnn/GSM156764/GSM156764.CEL.gz"	"GSE6783"	"HeLa"
"GSM156765"	"HELA cells stimulated with EGF for 20 minutes"	"GPL96"	"HeLa cells"	"Gene expression data from unstimulated HELA cells."	"Human cervical carcinoma cell line"	"ftp://ftp.ncbi.nlm.nih.gov/pub/geo/DATA/supplementary/samples/GSM156nnn/GSM156765/GSM156765.CEL.gz"	"GSE6783"	"HeLa"
"GSM156766"	"HELA cells stimulated with EGF for 40 minutes"	"GPL96"	"HeLa cells"	"Gene expression data from unstimulated HELA cells."	"Human cervical carcinoma cell line"	"ftp://ftp.ncbi.nlm.nih.gov/pub/geo/DATA/supplementary/samples/GSM156nnn/GSM156766/GSM156766.CEL.gz"	"GSE6783"	"HeLa"
"GSM156767"	"HELA cells stimulated with EGF for 60 minutes"	"GPL96"	"HeLa cells"	"Gene expression data from unstimulated HELA cells."	"Human cervical carcinoma cell line"	"ftp://ftp.ncbi.nlm.nih.gov/pub/geo/DATA/supplementary/samples/GSM156nnn/GSM156767/GSM156767.CEL.gz"	"GSE6783"	"HeLa"
"GSM156768"	"HELA cells stimulated with EGF for 120 minutes"	"GPL96"	"HeLa cells"	"Gene expression data from unstimulated HELA cells."	"Human cervical carcinoma cell line"	"ftp://ftp.ncbi.nlm.nih.gov/pub/geo/DATA/supplementary/samples/GSM156nnn/GSM156768/GSM156768.CEL.gz"	"GSE6783"	"HeLa"
"GSM156769"	"HELA cells stimulated with EGF for 240 minutes"	"GPL96"	"HeLa cells"	"Gene expression data from unstimulated HELA cells."	"Human cervical carcinoma cell line"	"ftp://ftp.ncbi.nlm.nih.gov/pub/geo/DATA/supplementary/samples/GSM156nnn/GSM156769/GSM156769.CEL.gz"	"GSE6783"	"HeLa"
"GSM156770"	"HELA cells stimulated with EGF for 480 minutes"	"GPL96"	"HeLa cells"	"Gene expression data from unstimulated HELA cells."	"Human cervical carcinoma cell line"	"ftp://ftp.ncbi.nlm.nih.gov/pub/geo/DATA/supplementary/samples/GSM156nnn/GSM156770/GSM156770.CEL.gz"	"GSE6783"	"HeLa"
"GSM159933"	"DMSO O hr 1"	"GPL96"	"DMSO O hr"	"DMSO O hr"	"DMSO O hr"	"ftp://ftp.ncbi.nlm.nih.gov/pub/geo/DATA/supplementary/samples/GSM159nnn/GSM159933/GSM159933.CEL.gz"	"GSE6932"	"keratinocytes"
"GSM159934"	"DMSO O hr 2"	"GPL96"	"DMSO O hr"	"DMSO O hr"	"DMSO O hr"	"ftp://ftp.ncbi.nlm.nih.gov/pub/geo/DATA/supplementary/samples/GSM159nnn/GSM159934/GSM159934.CEL.gz"	"GSE6932"	"keratinocytes"
"GSM161670"	"HeLa cells control 1 (Luciferase siRNA transfection)"	"GPL96"	"subject id: Subject 13-|-gender: female-|-diet enriched in: full-fat dairy products-|-sample type: milk fat globule"	"HeLa cells were treated in three independent experiments with UPF1 siRNAs or luciferase siRNAs as a negative control. To positively control for the effect of RNAi the efficient depletion of UPF1 was ascertained by immunoblotting. RNA isolated from these cells was analyzed on Affymetrix HG_U133A GeneChips™. The data here correspond to the first control (luciferase siRNA transfection)."	"HeLa cells, 72 hs after transfection"	"ftp://ftp.ncbi.nlm.nih.gov/pub/geo/DATA/supplementary/samples/GSM161nnn/GSM161670/GSM161670.CEL.gz"	"GSE7009"	"HeLa"
"GSM161671"	"HeLa cells control 2 (Luciferase siRNA transfection)"	"GPL96"	"HeLa cells-|-(cervical cancer cells)-|--|-"	"HeLa cells were treated in three independent experiments with UPF1 siRNAs or luciferase siRNAs as a negative control. To positively control for the effect of RNAi the efficient depletion of UPF1 was ascertained by immunoblotting. RNA isolated from these cells was analyzed on Affymetrix HG_U133A GeneChips™. The data here correspond to the second control (luciferase siRNA transfection)."	"HeLa cells, 72 hs after transfection"	"ftp://ftp.ncbi.nlm.nih.gov/pub/geo/DATA/supplementary/samples/GSM161nnn/GSM161671/GSM161671.CEL.gz"	"GSE7009"	"HeLa"
"GSM161674"	"HeLa cells control 3 (Luciferase siRNA transfection)"	"GPL96"	"HeLa cells-|-(cervical cancer cells)-|--|-"	"HeLa cells were treated in three independent experiments with UPF1 siRNAs or luciferase siRNAs as a negative control. To positively control for the effect of RNAi the efficient depletion of UPF1 was ascertained by immunoblotting. RNA isolated from these cells was analyzed on Affymetrix HG_U133A GeneChips™. The data here correspond to the third control (luciferase siRNA transfection)."	"HeLa cells, 72 hs after transfection"	"ftp://ftp.ncbi.nlm.nih.gov/pub/geo/DATA/supplementary/samples/GSM161nnn/GSM161674/GSM161674.CEL.gz"	"GSE7009"	"HeLa"
"GSM161678"	"HeLa cells transfected with UPF1 siRNA 1 (experiment)"	"GPL96"	"HeLa cells-|-(cervical cancer cells)-|--|-"	"HeLa cells were treated in three independent experiments with UPF1 siRNAs or luciferase siRNAs as a negative control. To positively control for the effect of RNAi the efficient depletion of UPF1 was ascertained by immunoblotting. RNA isolated from these cells was analyzed on Affymetrix HG_U133A GeneChips™. The data here correspond to the first experiment (UPF1 siRNA transfection)."	"HeLa cells, 72 hs after transfection"	"ftp://ftp.ncbi.nlm.nih.gov/pub/geo/DATA/supplementary/samples/GSM161nnn/GSM161678/GSM161678.CEL.gz"	"GSE7009"	"HeLa"
"GSM161679"	"HeLa cells transfected with UPF1 siRNA 2 (experiment)"	"GPL96"	"HeLa cells-|-(cervical cancer cells)-|--|-"	"HeLa cells were treated in three independent experiments with UPF1 siRNAs or luciferase siRNAs as a negative control. To positively control for the effect of RNAi the efficient depletion of UPF1 was ascertained by immunoblotting. RNA isolated from these cells was analyzed on Affymetrix HG_U133A GeneChips™. The data here correspond to the second experiment (UPF1 siRNA transfection)."	"HeLa cells, 72 hs after transfection"	"ftp://ftp.ncbi.nlm.nih.gov/pub/geo/DATA/supplementary/samples/GSM161nnn/GSM161679/GSM161679.CEL.gz"	"GSE7009"	"HeLa"
"GSM161686"	"HeLa cells transfected with UPF1 siRNA 3 (experiment)"	"GPL96"	"HeLa cells-|-(cervical cancer cells)-|--|-"	"HeLa cells were treated in three independent experiments with UPF1 siRNAs or luciferase siRNAs as a negative control. To positively control for the effect of RNAi the efficient depletion of UPF1 was ascertained by immunoblotting. RNA isolated from these cells was analyzed on Affymetrix HG_U133A GeneChips™. The data here correspond to the third experiment (UPF1 siRNA transfection)."	"HeLa cells, 72 hs after transfection"	"ftp://ftp.ncbi.nlm.nih.gov/pub/geo/DATA/supplementary/samples/GSM161nnn/GSM161686/GSM161686.CEL.gz"	"GSE7009"	"HeLa"
"GSM189381"	"Test Sample C-2T-1-Stand"	"GPL96"	"Test Sample"	"Test Sample C-2T-1-Stand"	"invasive squamous cell carcinoma of the cervix"	"ftp://ftp.ncbi.nlm.nih.gov/pub/geo/DATA/supplementary/samples/GSM189nnn/GSM189381/GSM189381.CEL.gz"	"GSE7803"	"CervixCancer-SCC"
"GSM189382"	"Test Sample C-2T-2-100ng"	"GPL96"	"Test Sample"	"Test Sample C-2T-2-100ng"	"invasive squamous cell carcinoma of the cervix"	"ftp://ftp.ncbi.nlm.nih.gov/pub/geo/DATA/supplementary/samples/GSM189nnn/GSM189382/GSM189382.CEL.gz"	"GSE7803"	"CervixCancer-SCC"
"GSM189383"	"Test Sample CS-87_15ng"	"GPL96"	"Test Sample"	"Test Sample CS-87_15ng"	"invasive squamous cell carcinoma of the cervix"	"ftp://ftp.ncbi.nlm.nih.gov/pub/geo/DATA/supplementary/samples/GSM189nnn/GSM189383/GSM189383.CEL.gz"	"GSE7803"	"CervixCancer-SCC"
"GSM189384"	"Normal Cervix NC__C-12N"	"GPL96"	"normal"	"Normal Cervix NC__C-12N"	"normal squamous cervical epitheilium"	"ftp://ftp.ncbi.nlm.nih.gov/pub/geo/DATA/supplementary/samples/GSM189nnn/GSM189384/GSM189384.CEL.gz"	"GSE7803"	"NormCervix"
"GSM189385"	"Normal Cervix NC__C-2N"	"GPL96"	"normal"	"Normal Cervix NC__C-2N"	"normal squamous cervical epitheilium"	"ftp://ftp.ncbi.nlm.nih.gov/pub/geo/DATA/supplementary/samples/GSM189nnn/GSM189385/GSM189385.CEL.gz"	"GSE7803"	"NormCervix"
"GSM189386"	"Normal Cervix NC__C-3N"	"GPL96"	"normal"	"Normal Cervix NC__C-3N"	"normal squamous cervical epitheilium"	"ftp://ftp.ncbi.nlm.nih.gov/pub/geo/DATA/supplementary/samples/GSM189nnn/GSM189386/GSM189386.CEL.gz"	"GSE7803"	"NormCervix"
"GSM189387"	"Normal Cervix NC__C-6N"	"GPL96"	"normal"	"Normal Cervix NC__C-6N"	"normal squamous cervical epitheilium"	"ftp://ftp.ncbi.nlm.nih.gov/pub/geo/DATA/supplementary/samples/GSM189nnn/GSM189387/GSM189387.CEL.gz"	"GSE7803"	"NormCervix"
"GSM189388"	"Normal Cervix NC__C-9N"	"GPL96"	"normal"	"Normal Cervix NC__C-9N"	"normal squamous cervical epitheilium"	"ftp://ftp.ncbi.nlm.nih.gov/pub/geo/DATA/supplementary/samples/GSM189nnn/GSM189388/GSM189388.CEL.gz"	"GSE7803"	"NormCervix"
"GSM189389"	"Normal Cervix NC__CN55"	"GPL96"	"normal"	"Normal Cervix NC__CN55"	"normal squamous cervical epitheilium"	"ftp://ftp.ncbi.nlm.nih.gov/pub/geo/DATA/supplementary/samples/GSM189nnn/GSM189389/GSM189389.CEL.gz"	"GSE7803"	"NormCervix"
"GSM189390"	"Normal Cervix NC__CN9"	"GPL96"	"normal"	"Normal Cervix NC__CN9"	"normal squamous cervical epitheilium"	"ftp://ftp.ncbi.nlm.nih.gov/pub/geo/DATA/supplementary/samples/GSM189nnn/GSM189390/GSM189390.CEL.gz"	"GSE7803"	"NormCervix"
"GSM189391"	"Normal Cervix NC__N2"	"GPL96"	"normal"	"Normal Cervix NC__N2"	"normal squamous cervical epitheilium"	"ftp://ftp.ncbi.nlm.nih.gov/pub/geo/DATA/supplementary/samples/GSM189nnn/GSM189391/GSM189391.CEL.gz"	"GSE7803"	"NormCervix"
"GSM189392"	"Normal Cervix NC__N4"	"GPL96"	"normal"	"Normal Cervix NC__N4"	"normal squamous cervical epitheilium"	"ftp://ftp.ncbi.nlm.nih.gov/pub/geo/DATA/supplementary/samples/GSM189nnn/GSM189392/GSM189392.CEL.gz"	"GSE7803"	"NormCervix"
"GSM189393"	"Normal Cervix NC__UMC-7N"	"GPL96"	"normal"	"Normal Cervix NC__UMC-7N"	"normal squamous cervical epitheilium"	"ftp://ftp.ncbi.nlm.nih.gov/pub/geo/DATA/supplementary/samples/GSM189nnn/GSM189393/GSM189393.CEL.gz"	"GSE7803"	"NormCervix"
"GSM189394"	"high grade squamous intraepithelial lesion of the cervix HSIL__H10_A"	"GPL96"	"intraepithelial lesion"	"high grade squamous intraepithelial lesion of the cervix HSIL__H10_A"	"high grade squamous intraepithelial lesion of the cervix"	"ftp://ftp.ncbi.nlm.nih.gov/pub/geo/DATA/supplementary/samples/GSM189nnn/GSM189394/GSM189394.CEL.gz"	"GSE7803"	"lesion-high"
"GSM189395"	"high grade squamous intraepithelial lesion of the cervix HSIL__H1_A"	"GPL96"	"intraepithelial lesion"	"high grade squamous intraepithelial lesion of the cervix HSIL__H1_A"	"high grade squamous intraepithelial lesion of the cervix"	"ftp://ftp.ncbi.nlm.nih.gov/pub/geo/DATA/supplementary/samples/GSM189nnn/GSM189395/GSM189395.CEL.gz"	"GSE7803"	"lesion-high"
"GSM189396"	"high grade squamous intraepithelial lesion of the cervix HSIL__H2_A"	"GPL96"	"intraepithelial lesion"	"high grade squamous intraepithelial lesion of the cervix HSIL__H2_A"	"high grade squamous intraepithelial lesion of the cervix"	"ftp://ftp.ncbi.nlm.nih.gov/pub/geo/DATA/supplementary/samples/GSM189nnn/GSM189396/GSM189396.CEL.gz"	"GSE7803"	"lesion-high"
"GSM189397"	"high grade squamous intraepithelial lesion of the cervix HSIL__H4_A"	"GPL96"	"intraepithelial lesion"	"high grade squamous intraepithelial lesion of the cervix HSIL__H4_A"	"high grade squamous intraepithelial lesion of the cervix"	"ftp://ftp.ncbi.nlm.nih.gov/pub/geo/DATA/supplementary/samples/GSM189nnn/GSM189397/GSM189397.CEL.gz"	"GSE7803"	"lesion-high"
"GSM189398"	"high grade squamous intraepithelial lesion of the cervix HSIL__H7_A"	"GPL96"	"intraepithelial lesion"	"high grade squamous intraepithelial lesion of the cervix HSIL__H7_A"	"high grade squamous intraepithelial lesion of the cervix"	"ftp://ftp.ncbi.nlm.nih.gov/pub/geo/DATA/supplementary/samples/GSM189nnn/GSM189398/GSM189398.CEL.gz"	"GSE7803"	"lesion-high"
"GSM189399"	"high grade squamous intraepithelial lesion of the cervix HSIL__H9_A"	"GPL96"	"intraepithelial lesion"	"high grade squamous intraepithelial lesion of the cervix HSIL__H9_A"	"high grade squamous intraepithelial lesion of the cervix"	"ftp://ftp.ncbi.nlm.nih.gov/pub/geo/DATA/supplementary/samples/GSM189nnn/GSM189399/GSM189399.CEL.gz"	"GSE7803"	"lesion-high"
"GSM189400"	"high grade squamous intraepithelial lesion of the cervix HSIL__H3-2_A"	"GPL96"	"intraepithelial lesion"	"high grade squamous intraepithelial lesion of the cervix HSIL__H3-2_A"	"high grade squamous intraepithelial lesion of the cervix"	"ftp://ftp.ncbi.nlm.nih.gov/pub/geo/DATA/supplementary/samples/GSM189nnn/GSM189400/GSM189400.CEL.gz"	"GSE7803"	"lesion-high"
"GSM189401"	"squamous cell carcinoma of the cervix SCC__C-16T"	"GPL96"	"frank carcinoma"	"squamous cell carcinoma of the cervix SCC__C-16T"	"invasive squamous cell carcinoma of the cervix"	"ftp://ftp.ncbi.nlm.nih.gov/pub/geo/DATA/supplementary/samples/GSM189nnn/GSM189401/GSM189401.CEL.gz"	"GSE7803"	"CervixCancer-SCC"
"GSM189402"	"squamous cell carcinoma of the cervix SCC__C-19T"	"GPL96"	"frank carcinoma"	"squamous cell carcinoma of the cervix SCC__C-19T"	"invasive squamous cell carcinoma of the cervix"	"ftp://ftp.ncbi.nlm.nih.gov/pub/geo/DATA/supplementary/samples/GSM189nnn/GSM189402/GSM189402.CEL.gz"	"GSE7803"	"CervixCancer-SCC"
"GSM189403"	"squamous cell carcinoma of the cervix SCC__C-20T"	"GPL96"	"frank carcinoma"	"squamous cell carcinoma of the cervix SCC__C-20T"	"invasive squamous cell carcinoma of the cervix"	"ftp://ftp.ncbi.nlm.nih.gov/pub/geo/DATA/supplementary/samples/GSM189nnn/GSM189403/GSM189403.CEL.gz"	"GSE7803"	"CervixCancer-SCC"
"GSM189404"	"squamous cell carcinoma of the cervix SCC__C-27T"	"GPL96"	"frank carcinoma"	"squamous cell carcinoma of the cervix SCC__C-27T"	"invasive squamous cell carcinoma of the cervix"	"ftp://ftp.ncbi.nlm.nih.gov/pub/geo/DATA/supplementary/samples/GSM189nnn/GSM189404/GSM189404.CEL.gz"	"GSE7803"	"CervixCancer-SCC"
"GSM189405"	"squamous cell carcinoma of the cervix SCC__C-2T-3"	"GPL96"	"frank carcinoma"	"squamous cell carcinoma of the cervix SCC__C-2T-3"	"invasive squamous cell carcinoma of the cervix"	"ftp://ftp.ncbi.nlm.nih.gov/pub/geo/DATA/supplementary/samples/GSM189nnn/GSM189405/GSM189405.CEL.gz"	"GSE7803"	"CervixCancer-SCC"
"GSM189406"	"squamous cell carcinoma of the cervix SCC__C-30T"	"GPL96"	"frank carcinoma"	"squamous cell carcinoma of the cervix SCC__C-30T"	"invasive squamous cell carcinoma of the cervix"	"ftp://ftp.ncbi.nlm.nih.gov/pub/geo/DATA/supplementary/samples/GSM189nnn/GSM189406/GSM189406.CEL.gz"	"GSE7803"	"CervixCancer-SCC"
"GSM189407"	"squamous cell carcinoma of the cervix SCC__C-31T"	"GPL96"	"frank carcinoma"	"squamous cell carcinoma of the cervix SCC__C-31T"	"invasive squamous cell carcinoma of the cervix"	"ftp://ftp.ncbi.nlm.nih.gov/pub/geo/DATA/supplementary/samples/GSM189nnn/GSM189407/GSM189407.CEL.gz"	"GSE7803"	"CervixCancer-SCC"
"GSM189408"	"squamous cell carcinoma of the cervix SCC__C-33T"	"GPL96"	"frank carcinoma"	"squamous cell carcinoma of the cervix SCC__C-33T"	"invasive squamous cell carcinoma of the cervix"	"ftp://ftp.ncbi.nlm.nih.gov/pub/geo/DATA/supplementary/samples/GSM189nnn/GSM189408/GSM189408.CEL.gz"	"GSE7803"	"CervixCancer-SCC"
"GSM189409"	"squamous cell carcinoma of the cervix SCC__C-3T"	"GPL96"	"frank carcinoma"	"squamous cell carcinoma of the cervix SCC__C-3T"	"invasive squamous cell carcinoma of the cervix"	"ftp://ftp.ncbi.nlm.nih.gov/pub/geo/DATA/supplementary/samples/GSM189nnn/GSM189409/GSM189409.CEL.gz"	"GSE7803"	"CervixCancer-SCC"
"GSM189410"	"squamous cell carcinoma of the cervix SCC__C-9T"	"GPL96"	"frank carcinoma"	"squamous cell carcinoma of the cervix SCC__C-9T"	"invasive squamous cell carcinoma of the cervix"	"ftp://ftp.ncbi.nlm.nih.gov/pub/geo/DATA/supplementary/samples/GSM189nnn/GSM189410/GSM189410.CEL.gz"	"GSE7803"	"CervixCancer-SCC"
"GSM189411"	"squamous cell carcinoma of the cervix SCC__CS-16T"	"GPL96"	"frank carcinoma"	"squamous cell carcinoma of the cervix SCC__CS-16T"	"invasive squamous cell carcinoma of the cervix"	"ftp://ftp.ncbi.nlm.nih.gov/pub/geo/DATA/supplementary/samples/GSM189nnn/GSM189411/GSM189411.CEL.gz"	"GSE7803"	"CervixCancer-SCC"
"GSM189412"	"squamous cell carcinoma of the cervix SCC__CS-188T"	"GPL96"	"frank carcinoma"	"squamous cell carcinoma of the cervix SCC__CS-188T"	"invasive squamous cell carcinoma of the cervix"	"ftp://ftp.ncbi.nlm.nih.gov/pub/geo/DATA/supplementary/samples/GSM189nnn/GSM189412/GSM189412.CEL.gz"	"GSE7803"	"CervixCancer-SCC"
"GSM189413"	"squamous cell carcinoma of the cervix SCC__CS-196T"	"GPL96"	"frank carcinoma"	"squamous cell carcinoma of the cervix SCC__CS-196T"	"invasive squamous cell carcinoma of the cervix"	"ftp://ftp.ncbi.nlm.nih.gov/pub/geo/DATA/supplementary/samples/GSM189nnn/GSM189413/GSM189413.CEL.gz"	"GSE7803"	"CervixCancer-SCC"
"GSM189414"	"squamous cell carcinoma of the cervix SCC__CS-48"	"GPL96"	"frank carcinoma"	"squamous cell carcinoma of the cervix SCC__CS-48"	"invasive squamous cell carcinoma of the cervix"	"ftp://ftp.ncbi.nlm.nih.gov/pub/geo/DATA/supplementary/samples/GSM189nnn/GSM189414/GSM189414.CEL.gz"	"GSE7803"	"CervixCancer-SCC"
"GSM189415"	"squamous cell carcinoma of the cervix SCC__CS-80T"	"GPL96"	"frank carcinoma"	"squamous cell carcinoma of the cervix SCC__CS-80T"	"invasive squamous cell carcinoma of the cervix"	"ftp://ftp.ncbi.nlm.nih.gov/pub/geo/DATA/supplementary/samples/GSM189nnn/GSM189415/GSM189415.CEL.gz"	"GSE7803"	"CervixCancer-SCC"
"GSM189416"	"squamous cell carcinoma of the cervix SCC__CS-87"	"GPL96"	"frank carcinoma"	"squamous cell carcinoma of the cervix SCC__CS-87"	"invasive squamous cell carcinoma of the cervix"	"ftp://ftp.ncbi.nlm.nih.gov/pub/geo/DATA/supplementary/samples/GSM189nnn/GSM189416/GSM189416.CEL.gz"	"GSE7803"	"CervixCancer-SCC"
"GSM189417"	"squamous cell carcinoma of the cervix SCC__UMC-11T"	"GPL96"	"frank carcinoma"	"squamous cell carcinoma of the cervix SCC__UMC-11T"	"invasive squamous cell carcinoma of the cervix"	"ftp://ftp.ncbi.nlm.nih.gov/pub/geo/DATA/supplementary/samples/GSM189nnn/GSM189417/GSM189417.CEL.gz"	"GSE7803"	"CervixCancer-SCC"
"GSM189418"	"squamous cell carcinoma of the cervix SCC__UMC-4T"	"GPL96"	"frank carcinoma"	"squamous cell carcinoma of the cervix SCC__UMC-4T"	"invasive squamous cell carcinoma of the cervix"	"ftp://ftp.ncbi.nlm.nih.gov/pub/geo/DATA/supplementary/samples/GSM189nnn/GSM189418/GSM189418.CEL.gz"	"GSE7803"	"CervixCancer-SCC"
"GSM189419"	"squamous cell carcinoma of the cervix SCC__UMC-5T"	"GPL96"	"frank carcinoma"	"squamous cell carcinoma of the cervix SCC__UMC-5T"	"invasive squamous cell carcinoma of the cervix"	"ftp://ftp.ncbi.nlm.nih.gov/pub/geo/DATA/supplementary/samples/GSM189nnn/GSM189419/GSM189419.CEL.gz"	"GSE7803"	"CervixCancer-SCC"
"GSM189420"	"squamous cell carcinoma of the cervix SCC__UMC-8T"	"GPL96"	"frank carcinoma"	"squamous cell carcinoma of the cervix SCC__UMC-8T"	"invasive squamous cell carcinoma of the cervix"	"ftp://ftp.ncbi.nlm.nih.gov/pub/geo/DATA/supplementary/samples/GSM189nnn/GSM189420/GSM189420.CEL.gz"	"GSE7803"	"CervixCancer-SCC"
"GSM189421"	"squamous cell carcinoma of the cervix SCC__UMC-9T"	"GPL96"	"frank carcinoma"	"squamous cell carcinoma of the cervix SCC__UMC-9T"	"invasive squamous cell carcinoma of the cervix"	"ftp://ftp.ncbi.nlm.nih.gov/pub/geo/DATA/supplementary/samples/GSM189nnn/GSM189421/GSM189421.CEL.gz"	"GSE7803"	"CervixCancer-SCC"
"GSM217619"	"Keratinocytes_PBS_24hr_1"	"GPL96"	"Gender: female, Age:23, Skin type: I"	"Keratinocytes in the third passage were grown to 80% confluent and fed 24 h before treatment."	"Epidermal keratinocytes, PBS control, 24hr"	"ftp://ftp.ncbi.nlm.nih.gov/pub/geo/DATA/supplementary/samples/GSM217nnn/GSM217619/GSM217619.CEL.gz"	"GSE8760"	"keratinocytes"
"GSM217620"	"Keratinocytes_cis-UCA_24hr_1"	"GPL96"	"Gender: female, Age:23, Skin type: I"	"Keratinocytes in the third passage were grown to 80% confluent and fed 24 h before treatment."	"Epidermal keratinocytes, cis-UCA, 24hr"	"ftp://ftp.ncbi.nlm.nih.gov/pub/geo/DATA/supplementary/samples/GSM217nnn/GSM217620/GSM217620.CEL.gz"	"GSE8760"	"keratinocytes"
"GSM217623"	"Keratinocytes_trans-UCA_24hr_1"	"GPL96"	"Gender: female, Age:23, Skin type: I"	"Keratinocytes in the third passage were grown to 80% confluent and fed 24 h before treatment."	"Epidermal keratinocytes, trans-UCA, 24hr"	"ftp://ftp.ncbi.nlm.nih.gov/pub/geo/DATA/supplementary/samples/GSM217nnn/GSM217623/GSM217623.CEL.gz"	"GSE8760"	"keratinocytes"
"GSM217624"	"Keratinocytes_UVR_24hr_1"	"GPL96"	"Gender: female, Age:23, Skin type: I"	"Keratinocytes in the third passage were grown to 80% confluent and fed 24 h before treatment."	"Epidermal keratinocytes, UVR, 24hr"	"ftp://ftp.ncbi.nlm.nih.gov/pub/geo/DATA/supplementary/samples/GSM217nnn/GSM217624/GSM217624.CEL.gz"	"GSE8760"	"keratinocytes"
"GSM217626"	"Keratinocytes_UVR_24hr_2"	"GPL96"	"Gender: female, Age:24, Skin type: III"	"Keratinocytes in the third passage were grown to 80% confluent and fed 24 h before treatment."	"Epidermal keratinocytes, UVR, 24hr"	"ftp://ftp.ncbi.nlm.nih.gov/pub/geo/DATA/supplementary/samples/GSM217nnn/GSM217626/GSM217626.CEL.gz"	"GSE8760"	"keratinocytes"
"GSM217627"	"Keratinocytes_PBS_24hr_2"	"GPL96"	"Gender: female, Age:24, Skin type: III"	"Keratinocytes in the third passage were grown to 80% confluent and fed 24 h before treatment."	"Epidermal keratinocytes, PBS control, 24hr"	"ftp://ftp.ncbi.nlm.nih.gov/pub/geo/DATA/supplementary/samples/GSM217nnn/GSM217627/GSM217627.CEL.gz"	"GSE8760"	"keratinocytes"
"GSM217629"	"Keratinocytes_cis-UCA_24hr_2"	"GPL96"	"Gender:female, Age:24, Skin type:III"	"Keratinocytes in the third passage were grown to 80% confluent and fed 24 h before treatment."	"Epidermal keratinocytes, cis-UCA, 24hr"	"ftp://ftp.ncbi.nlm.nih.gov/pub/geo/DATA/supplementary/samples/GSM217nnn/GSM217629/GSM217629.CEL.gz"	"GSE8760"	"keratinocytes"
"GSM217630"	"Keratinocytes_trans-UCA_24hr_2"	"GPL96"	"Gender:female, Age:24, Skin type:III"	"Keratinocytes in the third passage were grown to 80% confluent and fed 24 h before treatment."	"Epidermal keratinocytes, trans-UCA, 24hr"	"ftp://ftp.ncbi.nlm.nih.gov/pub/geo/DATA/supplementary/samples/GSM217nnn/GSM217630/GSM217630.CEL.gz"	"GSE8760"	"keratinocytes"
"GSM23372"	"Untreated HeLa Replicate 1 U133A"	"GPL96"	" "	"Cancer Res. 2004 Mar 15;64(6):2096-104-|-Keywords = HeLa-|-Keywords = Camptothecin"	"Total RNA from untreated HeLa cells"	"ftp://ftp.ncbi.nlm.nih.gov/pub/geo/DATA/supplementary/samples/GSM23nnn/GSM23372/GSM23372.CEL.gz"	"GSE1417"	"HeLa"
"GSM23373"	"Untreated HeLa Replicate 2 U133A"	"GPL96"	" "	"Cancer Res. 2004 Mar 15;64(6):2096-104-|-Keywords = HeLa-|-Keywords = Camptothecin"	"Total RNA from untreated HeLa cells"	"ftp://ftp.ncbi.nlm.nih.gov/pub/geo/DATA/supplementary/samples/GSM23nnn/GSM23373/GSM23373.CEL.gz"	"GSE1417"	"HeLa"
"GSM23377"	"Untreated HeLa Replicate 3 U133A"	"GPL96"	" "	"Cancer Res. 2004 Mar 15;64(6):2096-104-|-Keywords = HeLa-|-Keywords = Camptothecin"	"Total RNA from untreated HeLa cells"	"ftp://ftp.ncbi.nlm.nih.gov/pub/geo/DATA/supplementary/samples/GSM23nnn/GSM23377/GSM23377.CEL.gz"	"GSE1417"	"HeLa"
"GSM23378"	"Untreated HeLa Replicate 4 U133A"	"GPL96"	" "	"Cancer Res. 2004 Mar 15;64(6):2096-104-|-Keywords = HeLa-|-Keywords = Camptothecin"	"Total RNA from untreated HeLa cells"	"ftp://ftp.ncbi.nlm.nih.gov/pub/geo/DATA/supplementary/samples/GSM23nnn/GSM23378/GSM23378.CEL.gz"	"GSE1417"	"HeLa"
"GSM23382"	"Camptothecin Treated HeLa Replicate 1 U133A"	"GPL96"	" "	"Cancer Res. 2004 Mar 15;64(6):2096-104-|-Keywords = HeLa-|-Keywords = Camptothecin"	"Total RNA from camptothecin treated HeLa cells"	"ftp://ftp.ncbi.nlm.nih.gov/pub/geo/DATA/supplementary/samples/GSM23nnn/GSM23382/GSM23382.CEL.gz"	"GSE1417"	"HeLa"
"GSM23383"	"Camptothecin Treated HeLa Replicate 2 U133A"	"GPL96"	" "	"Cancer Res. 2004 Mar 15;64(6):2096-104-|-Keywords = HeLa-|-Keywords = Camptothecin"	"Total RNA from camptothecin treated HeLa cells"	"ftp://ftp.ncbi.nlm.nih.gov/pub/geo/DATA/supplementary/samples/GSM23nnn/GSM23383/GSM23383.CEL.gz"	"GSE1417"	"HeLa"
"GSM23384"	"Camptothecin Treated HeLa Replicate 3 U133A"	"GPL96"	" "	"Cancer Res. 2004 Mar 15;64(6):2096-104-|-Keywords = HeLa-|-Keywords = Camptothecin"	"Total RNA from camptothecin treated HeLa cells"	"ftp://ftp.ncbi.nlm.nih.gov/pub/geo/DATA/supplementary/samples/GSM23nnn/GSM23384/GSM23384.CEL.gz"	"GSE1417"	"HeLa"
"GSM246087"	"Cervical cancer cell line, C4-I"	"GPL96"	"'cervical cancer cell line C4-I' , 'squamous cell cancer'"	"cervical cancer cell line"	"Cervical cancer cell line, C4-I"	"ftp://ftp.ncbi.nlm.nih.gov/pub/geo/DATA/supplementary/samples/GSM246nnn/GSM246087/GSM246087.CEL.gz"	"GSE9750"	"C4-I"
"GSM246088"	"Cervical cancer cell line, CaSki"	"GPL96"	"cell line"	"Cervical cancer cell line', 'squamous cell carcinoma"	"Cervical cancer cell line, CaSki"	"ftp://ftp.ncbi.nlm.nih.gov/pub/geo/DATA/supplementary/samples/GSM246nnn/GSM246088/GSM246088.CEL.gz"	"GSE9750"	"CaSki"
"GSM246089"	"Cervical cancer cell line, C-33A"	"GPL96"	"Cell line"	"Cell line cervical cancer"	"Cervical cancer cell line, C-33A"	"ftp://ftp.ncbi.nlm.nih.gov/pub/geo/DATA/supplementary/samples/GSM246nnn/GSM246089/GSM246089.CEL.gz"	"GSE9750"	"C-33A"
"GSM246090"	"Cervical cancer cell line, HT-3"	"GPL96"	"Cell line"	"Cervical cancer cell line"	"Cervical cancer cell line, HT-3"	"ftp://ftp.ncbi.nlm.nih.gov/pub/geo/DATA/supplementary/samples/GSM246nnn/GSM246090/GSM246090.CEL.gz"	"GSE9750"	"HT-3"
"GSM246119"	"Cervical cancer cell line, SiHa"	"GPL96"	"cervical cancer, SiHa, squamous cell cancer"	"cervical cancer cell line, SiHa"	"Cervical cancer cell line, SiHa"	"ftp://ftp.ncbi.nlm.nih.gov/pub/geo/DATA/supplementary/samples/GSM246nnn/GSM246119/GSM246119.CEL.gz"	"GSE9750"	"SiHa"
"GSM246120"	"Cervical cancer cell line, SW756"	"GPL96"	"Cell line"	"cervical cancer cell line"	"Cervical cancer cell line, SW756"	"ftp://ftp.ncbi.nlm.nih.gov/pub/geo/DATA/supplementary/samples/GSM246nnn/GSM246120/GSM246120.CEL.gz"	"GSE9750"	"sw756"
"GSM246121"	"Cervical cancer cell line, MS751"	"GPL96"	"cervical cancer cell line, MS751"	"Cervical cancer cell line"	"Cervical cancer cell line, MS751"	"ftp://ftp.ncbi.nlm.nih.gov/pub/geo/DATA/supplementary/samples/GSM246nnn/GSM246121/GSM246121.CEL.gz"	"GSE9750"	"MS751"
"GSM246122"	"Cervical cancer cell line, ME-180"	"GPL96"	"Cervical cancer cell line, ME-180, Human, squamous cell cancer"	"Cervical cancer cell line"	"Cervical cancer cell line, ME-180"	"ftp://ftp.ncbi.nlm.nih.gov/pub/geo/DATA/supplementary/samples/GSM246nnn/GSM246122/GSM246122.CEL.gz"	"GSE9750"	"ME-180"
"GSM246123"	"Cervical cancer cell line, HeLa"	"GPL96"	"Cervical cancer cell line, HeLa, adenocarcinoma"	"Cell line, HeLa"	"Cervical cancer cell line, HeLa"	"ftp://ftp.ncbi.nlm.nih.gov/pub/geo/DATA/supplementary/samples/GSM246nnn/GSM246123/GSM246123.CEL.gz"	"GSE9750"	"HeLa"
"GSM246422"	"Normal cervix, commercial_Ambion"	"GPL96"	"Commercial RNA from normal cervix"	"Commercial RNA from cervix"	"Normal cervix, commercial_Ambion"	"ftp://ftp.ncbi.nlm.nih.gov/pub/geo/DATA/supplementary/samples/GSM246nnn/GSM246422/GSM246422.CEL.gz"	"GSE9750"	"NormCervix"
"GSM246423"	"Normal cervix, commercial_Stratagene"	"GPL96"	"Toral RNA, commercial"	"Stratagene"	"Normal cervix, commercial_Stratagene"	"ftp://ftp.ncbi.nlm.nih.gov/pub/geo/DATA/supplementary/samples/GSM246nnn/GSM246423/GSM246423.CEL.gz"	"GSE9750"	"NormCervix"
"GSM246484"	"Normal cervix, commercial_BioChain"	"GPL96"	"Total RNA from cervix"	"BioChain"	"Normal cervix, commercial_BioChain"	"ftp://ftp.ncbi.nlm.nih.gov/pub/geo/DATA/supplementary/samples/GSM246nnn/GSM246484/GSM246484.CEL.gz"	"GSE9750"	"NormCervix"
"GSM246485"	"Normal cervix epithelium_CaCX3"	"GPL96"	"Normal cervix, age 27 years, micordissected squamous epitheilium"	"Microdissected_Normal Cervical epithelium"	"Normal cervix epithelium_CaCX3"	"ftp://ftp.ncbi.nlm.nih.gov/pub/geo/DATA/supplementary/samples/GSM246nnn/GSM246485/GSM246485.CEL.gz"	"GSE9750"	"NormCervix"
"GSM246486"	"Normal cervix epithelium_CaCx4"	"GPL96"	"Microdissected normal cervical epithelium, Age 38"	"Columbia University Medical Center"	"Normal cervix epithelium_CaCx4"	"ftp://ftp.ncbi.nlm.nih.gov/pub/geo/DATA/supplementary/samples/GSM246nnn/GSM246486/GSM246486.CEL.gz"	"GSE9750"	"NormCervix"
"GSM246487"	"Normal cervix epithelium_CaCx5"	"GPL96"	"Normal cervical epithelium, microdissected, Age 30"	"Columbia University Medical Center"	"Normal cervix epithelium_CaCx5"	"ftp://ftp.ncbi.nlm.nih.gov/pub/geo/DATA/supplementary/samples/GSM246nnn/GSM246487/GSM246487.CEL.gz"	"GSE9750"	"NormCervix"
"GSM246488"	"Normal cervix epithelium_03-3505"	"GPL96"	"Normal cervix epithelium, microdissected, Age 43"	"Normal cervix, microdissected epithelium"	"Normal cervix epithelium_03-3505"	"ftp://ftp.ncbi.nlm.nih.gov/pub/geo/DATA/supplementary/samples/GSM246nnn/GSM246488/GSM246488.CEL.gz"	"GSE9750"	"NormCervix"
"GSM246489"	"Normal cervix epithelium_03-4216"	"GPL96"	"Normal cervix, microdissected, Age 42"	"Normal cervix, microdissected epithelium"	"Normal cervix epithelium_03-4216"	"ftp://ftp.ncbi.nlm.nih.gov/pub/geo/DATA/supplementary/samples/GSM246nnn/GSM246489/GSM246489.CEL.gz"	"GSE9750"	"NormCervix"
"GSM246490"	"Normal cervix epithelium_03-4508"	"GPL96"	"Normal cervix epiethelium, microdissected, Age 48"	"Normal cervix epithelium"	"Normal cervix epithelium_03-4508"	"ftp://ftp.ncbi.nlm.nih.gov/pub/geo/DATA/supplementary/samples/GSM246nnn/GSM246490/GSM246490.CEL.gz"	"GSE9750"	"NormCervix"
"GSM246491"	"Normal cervix epithelium_03-4986"	"GPL96"	"Normal cervix epithelium, microdissected, Age 42"	"Normal Cervix Epithelium, microdissected"	"Normal cervix epithelium_03-4986"	"ftp://ftp.ncbi.nlm.nih.gov/pub/geo/DATA/supplementary/samples/GSM246nnn/GSM246491/GSM246491.CEL.gz"	"GSE9750"	"NormCervix"
"GSM247162"	"Normal cervix epithelium_03-5419"	"GPL96"	"Normal cervix, microdissected epithelium, Age 45"	"Normal cervix, microdissected epithelium"	"Normal cervix epithelium_03-5419"	"ftp://ftp.ncbi.nlm.nih.gov/pub/geo/DATA/supplementary/samples/GSM247nnn/GSM247162/GSM247162.CEL.gz"	"GSE9750"	"NormCervix"
"GSM247163"	"Normal cervix epithelium_03-5438"	"GPL96"	"Normal Cervix, microdissected epithelium, Age 54"	"Normal cervix epithelium"	"Normal cervix epithelium_03-5438"	"ftp://ftp.ncbi.nlm.nih.gov/pub/geo/DATA/supplementary/samples/GSM247nnn/GSM247163/GSM247163.CEL.gz"	"GSE9750"	"NormCervix"
"GSM247164"	"Normal cervix_03-5611"	"GPL96"	"Normal cervix epithelium, microdissected, Age 44"	"Normal Cervix Epithelium, microdissected"	"Normal cervix_03-5611"	"ftp://ftp.ncbi.nlm.nih.gov/pub/geo/DATA/supplementary/samples/GSM247nnn/GSM247164/GSM247164.CEL.gz"	"GSE9750"	"NormCervix"
"GSM247165"	"Normal cervix_03-5657"	"GPL96"	"Normal cervix epithelium, Age 49"	"Normal Cervix Epithelium, micordissected"	"Normal cervix_03-5657"	"ftp://ftp.ncbi.nlm.nih.gov/pub/geo/DATA/supplementary/samples/GSM247nnn/GSM247165/GSM247165.CEL.gz"	"GSE9750"	"NormCervix"
"GSM247166"	"Normal cervix_05-15"	"GPL96"	"Normal cervix epithelium, Age 64"	"Normal cervix epithelium, microdissected"	"Normal cervix_05-15"	"ftp://ftp.ncbi.nlm.nih.gov/pub/geo/DATA/supplementary/samples/GSM247nnn/GSM247166/GSM247166.CEL.gz"	"GSE9750"	"NormCervix"
"GSM247168"	"Normal cervix_05-31"	"GPL96"	"Normal cervix epithelium, Age 50"	"Normal Cervix Epithelium, microdissected"	"Normal cervix_05-31"	"ftp://ftp.ncbi.nlm.nih.gov/pub/geo/DATA/supplementary/samples/GSM247nnn/GSM247168/GSM247168.CEL.gz"	"GSE9750"	"NormCervix"
"GSM247169"	"Normal cervix_05-446"	"GPL96"	"Normal cervix, Age 50"	"Normal cervix epithelium, microdissected"	"Normal cervix_05-446"	"ftp://ftp.ncbi.nlm.nih.gov/pub/geo/DATA/supplementary/samples/GSM247nnn/GSM247169/GSM247169.CEL.gz"	"GSE9750"	"NormCervix"
"GSM247171"	"Normal cervix_05-1308"	"GPL96"	"Normal cervix, Age 56"	"Normal cervix epithelium, microdissected"	"Normal cervix_05-1308"	"ftp://ftp.ncbi.nlm.nih.gov/pub/geo/DATA/supplementary/samples/GSM247nnn/GSM247171/GSM247171.CEL.gz"	"GSE9750"	"NormCervix"
"GSM247173"	"Normal cervix_05-1352"	"GPL96"	"Normal cervix epithelium, Age 41"	"Normal cervix epithelium, microdissected"	"Normal cervix_05-1352"	"ftp://ftp.ncbi.nlm.nih.gov/pub/geo/DATA/supplementary/samples/GSM247nnn/GSM247173/GSM247173.CEL.gz"	"GSE9750"	"NormCervix"
"GSM247174"	"Normal cervix_05-1981"	"GPL96"	"Normal cervix epithelium, Age 41"	"Normal cervix epithelium, microdissected"	"Normal cervix_05-1981"	"ftp://ftp.ncbi.nlm.nih.gov/pub/geo/DATA/supplementary/samples/GSM247nnn/GSM247174/GSM247174.CEL.gz"	"GSE9750"	"NormCervix"
"GSM247175"	"Normal cervix_05-4602"	"GPL96"	"Normal cervix epithelium, Age 49"	"Normal cervix epithelium, microdissected"	"Normal cervix_05-4602"	"ftp://ftp.ncbi.nlm.nih.gov/pub/geo/DATA/supplementary/samples/GSM247nnn/GSM247175/GSM247175.CEL.gz"	"GSE9750"	"NormCervix"
"GSM247188"	"Normal cervix_05-4615"	"GPL96"	"Normal cervix epithelium, Age 50"	"Normal cervix epithelium, microdissected"	"Normal cervix_05-4615"	"ftp://ftp.ncbi.nlm.nih.gov/pub/geo/DATA/supplementary/samples/GSM247nnn/GSM247188/GSM247188.CEL.gz"	"GSE9750"	"NormCervix"
"GSM247189"	"Normal cervix_05-4959"	"GPL96"	"Normal cervix epithelium, Age 53"	"Normal cervix epithelium, microdissected"	"Normal cervix_05-4959"	"ftp://ftp.ncbi.nlm.nih.gov/pub/geo/DATA/supplementary/samples/GSM247nnn/GSM247189/GSM247189.CEL.gz"	"GSE9750"	"NormCervix"
"GSM247190"	"Normal cervix_05-5007"	"GPL96"	"Normal cervix epithelium, Age 52"	"Normal cervix epithelium, microdissected"	"Normal cervix_05-5007"	"ftp://ftp.ncbi.nlm.nih.gov/pub/geo/DATA/supplementary/samples/GSM247nnn/GSM247190/GSM247190.CEL.gz"	"GSE9750"	"NormCervix"
"GSM247650"	"Cervical cancer_CC126"	"GPL96"	"Cervical cancer, squamous cell carcinoma, microdissected, age 28, stage IIIB, HPV 45"	"Cervical cancer, squamous cell carcinoma"	"Cervical cancer_CC126"	"ftp://ftp.ncbi.nlm.nih.gov/pub/geo/DATA/supplementary/samples/GSM247nnn/GSM247650/GSM247650.CEL.gz"	"GSE9750"	"CervixCancer-SCC"
"GSM247651"	"Cervical cancer_CC128"	"GPL96"	"Cervical cancer, squamous cell carcinoma, microdissected, age 55, stage IIIB, HPV 16"	"Cervical cancer, microdissected, squamous cell carcinoma"	"Cervical cancer_CC128"	"ftp://ftp.ncbi.nlm.nih.gov/pub/geo/DATA/supplementary/samples/GSM247nnn/GSM247651/GSM247651.CEL.gz"	"GSE9750"	"CervixCancer-SCC"
"GSM247652"	"Cervical cancer_CC140"	"GPL96"	"Cervical cancer, squamous cell carcinoma, microdissected, age 41, stage IIIB, HPV 16"	"Cervical cancer_microdissected, squamous cell carcinoma"	"Cervical cancer_CC140"	"ftp://ftp.ncbi.nlm.nih.gov/pub/geo/DATA/supplementary/samples/GSM247nnn/GSM247652/GSM247652.CEL.gz"	"GSE9750"	"CervixCancer-SCC"
"GSM247653"	"Cervical cancer_CC163"	"GPL96"	"Cervical cancer, squamous cell carcinoma, microdissected, age 62, stage IIIB, HPV 45"	"Cervical cancer_microdissected squamous cell carcinoma"	"Cervical cancer_CC163"	"ftp://ftp.ncbi.nlm.nih.gov/pub/geo/DATA/supplementary/samples/GSM247nnn/GSM247653/GSM247653.CEL.gz"	"GSE9750"	"CervixCancer-SCC"
"GSM247654"	"Cervical cancer_CC205"	"GPL96"	"Cervical cancer, squamous cell carcinoma, microdissected, age 45, stage IIIB, HPV 16"	"Cervical cancer, microdissected squamous cell carcinoma"	"Cervical cancer_CC205"	"ftp://ftp.ncbi.nlm.nih.gov/pub/geo/DATA/supplementary/samples/GSM247nnn/GSM247654/GSM247654.CEL.gz"	"GSE9750"	"CervixCancer-SCC"
"GSM247655"	"Cervical cancer_CC207"	"GPL96"	"Cervical cancer, squamous cell carcinoma, microdissected, age 54, stage IIIB, HPV 16"	"Cervical cancer, microdissected squamous cell carcinoma"	"Cervical cancer_CC207"	"ftp://ftp.ncbi.nlm.nih.gov/pub/geo/DATA/supplementary/samples/GSM247nnn/GSM247655/GSM247655.CEL.gz"	"GSE9750"	"CervixCancer-SCC"
"GSM247656"	"Cervical cancer_CC214"	"GPL96"	"Cervical cancer, squamous cell carcinoma, microdissected, age 43, stage IIB, HPV 16"	"Cervical cacner, microdissected squamous cell carcinoma"	"Cervical cancer_CC214"	"ftp://ftp.ncbi.nlm.nih.gov/pub/geo/DATA/supplementary/samples/GSM247nnn/GSM247656/GSM247656.CEL.gz"	"GSE9750"	"CervixCancer-SCC"
"GSM247657"	"Cervical cancer_CC218"	"GPL96"	"Cervical cancer, squamous cell carcinoma, microdissected, age 40, stage IIIB, HPV 16"	"Cervical cancer, microdissected squamous cell carcinoma"	"Cervical cancer_CC218"	"ftp://ftp.ncbi.nlm.nih.gov/pub/geo/DATA/supplementary/samples/GSM247nnn/GSM247657/GSM247657.CEL.gz"	"GSE9750"	"CervixCancer-SCC"
"GSM247658"	"Cervical cancer_CC222"	"GPL96"	"Cervical cancer, squamous cell carcinoma, microdissected, age 32, stage IIIB, HPV 16"	"Cervical cancer, microdissected squamous cell carcinoma"	"Cervical cancer_CC222"	"ftp://ftp.ncbi.nlm.nih.gov/pub/geo/DATA/supplementary/samples/GSM247nnn/GSM247658/GSM247658.CEL.gz"	"GSE9750"	"CervixCancer-SCC"
"GSM247659"	"Cervical cancer_892T"	"GPL96"	"Cervical cancer, squamous cell carcinoma, microdissected, age 40, stage IIIB, HPV 16"	"Cervical cancer, microdissected squamoud cell carcinoma"	"Cervical cancer_892T"	"ftp://ftp.ncbi.nlm.nih.gov/pub/geo/DATA/supplementary/samples/GSM247nnn/GSM247659/GSM247659.CEL.gz"	"GSE9750"	"CervixCancer-SCC"
"GSM247660"	"Cervical cancer_1721T"	"GPL96"	"Cervical cancer, squamous cell carcinoma, microdissected, age 70, stage IIB, HPV negative"	"Cervical cancer, microdissected squamous cell carcinoma"	"Cervical cancer_1721T"	"ftp://ftp.ncbi.nlm.nih.gov/pub/geo/DATA/supplementary/samples/GSM247nnn/GSM247660/GSM247660.CEL.gz"	"GSE9750"	"CervixCancer-SCC"
"GSM247661"	"Cervical cancer_1798T"	"GPL96"	"Cervical cancer, squamous cell carcinoma, microdissected, age 33, stage IIB, HPV 16"	"Cervical cancer, microdissected squamous cell carcinoma"	"Cervical cancer_1798T"	"ftp://ftp.ncbi.nlm.nih.gov/pub/geo/DATA/supplementary/samples/GSM247nnn/GSM247661/GSM247661.CEL.gz"	"GSE9750"	"CervixCancer-SCC"
"GSM247662"	"Cervical cancer_1875T"	"GPL96"	"Cervical cancer, squamous cell carcinoma, microdissected, age 36, stage IIB, HPV 16"	"Cervical cancer, microdissected squamous cell carcinoma"	"Cervical cancer_1875T"	"ftp://ftp.ncbi.nlm.nih.gov/pub/geo/DATA/supplementary/samples/GSM247nnn/GSM247662/GSM247662.CEL.gz"	"GSE9750"	"CervixCancer-SCC"
"GSM247663"	"Cervical Cancer_1981T"	"GPL96"	"Cervical cancer, squamous cell carcinoma, microdissected, age 63, stage IB, HPV 16, HPV 18"	"Cervical cancer, microdissected squamous cell carcinoma"	"Cervical Cancer_1981T"	"ftp://ftp.ncbi.nlm.nih.gov/pub/geo/DATA/supplementary/samples/GSM247nnn/GSM247663/GSM247663.CEL.gz"	"GSE9750"	"CervixCancer-SCC"
"GSM247856"	"Cervical cacner_654T"	"GPL96"	"Cervical cancer, squamous cell carcinoma, microdissected, age 40, stage IA, HPV 45"	"Cervical cancer, microdissected squamous cell carcinoma"	"Cervical cacner_654T"	"ftp://ftp.ncbi.nlm.nih.gov/pub/geo/DATA/supplementary/samples/GSM247nnn/GSM247856/GSM247856.CEL.gz"	"GSE9750"	"CervixCancer-SCC"
"GSM247857"	"Cervical cancer_841T"	"GPL96"	"Cervical cancer, squamous cell carcinoma, microdissected, age 58, stage IIA, HPV 16"	"Cervical cancer, microdissected squamous cell carcinoma"	"Cervical cancer_841T"	"ftp://ftp.ncbi.nlm.nih.gov/pub/geo/DATA/supplementary/samples/GSM247nnn/GSM247857/GSM247857.CEL.gz"	"GSE9750"	"CervixCancer-SCC"
"GSM247859"	"Cervical cancer_1434T"	"GPL96"	"Cervical cancer, squamous cell carcinoma, microdissected, age 47, stage IIB, HPV 16"	"Cervical cancer, microdissected squamous cell carcinoma"	"Cervical cancer_1434T"	"ftp://ftp.ncbi.nlm.nih.gov/pub/geo/DATA/supplementary/samples/GSM247nnn/GSM247859/GSM247859.CEL.gz"	"GSE9750"	"CervixCancer-SCC"
"GSM247860"	"Cervical cancer_1509T"	"GPL96"	"Cervical cancer, squamous cell carcinoma, microdissected, age 69, stage IIB, HPV 16"	"Cervical cancer, microdissected squamous cell carcinoma"	"Cervical cancer_1509T"	"ftp://ftp.ncbi.nlm.nih.gov/pub/geo/DATA/supplementary/samples/GSM247nnn/GSM247860/GSM247860.CEL.gz"	"GSE9750"	"CervixCancer-SCC"
"GSM247862"	"Cervical cancer_1898T"	"GPL96"	"Cervical cancer, squamous cell carcinoma, microdissected, age 64, stage IIB, HPV 18"	"Cervical cancer, microdissected squamous cell carcinoma"	"Cervical cancer_1898T"	"ftp://ftp.ncbi.nlm.nih.gov/pub/geo/DATA/supplementary/samples/GSM247nnn/GSM247862/GSM247862.CEL.gz"	"GSE9750"	"CervixCancer-SCC"
"GSM247864"	"Cervical cancer_1900T"	"GPL96"	"Cervical cancer, squamous cell carcinoma, microdissected, age 57, stage IIB, HPV 18"	"Cervical cancer, microdissected squamous cell carcinoma"	"Cervical cancer_1900T"	"ftp://ftp.ncbi.nlm.nih.gov/pub/geo/DATA/supplementary/samples/GSM247nnn/GSM247864/GSM247864.CEL.gz"	"GSE9750"	"CervixCancer-SCC"
"GSM247865"	"Cervical cancer_1907T"	"GPL96"	"Cervical cancer, squamous cell carcinoma, microdissected, age 33, stage IV, HPV 16"	"Cervical cancer, microdissected squamous cell carcinoma"	"Cervical cancer_1907T"	"ftp://ftp.ncbi.nlm.nih.gov/pub/geo/DATA/supplementary/samples/GSM247nnn/GSM247865/GSM247865.CEL.gz"	"GSE9750"	"CervixCancer-SCC"
"GSM247866"	"Cervical cancer_2035T"	"GPL96"	"Cervical cancer, squamous cell carcinoma, microdissected, age 59, stage IIB, HPV 18"	"Cervical cancer, microdissected squamous cell carcinoma"	"Cervical cancer_2035T"	"ftp://ftp.ncbi.nlm.nih.gov/pub/geo/DATA/supplementary/samples/GSM247nnn/GSM247866/GSM247866.CEL.gz"	"GSE9750"	"CervixCancer-SCC"
"GSM247876"	"Cervical cancer_20-04T"	"GPL96"	"Cervical cancer, adenocarcinoma, microdissected, age 46, stage IB2, HPV 16"	"Cervical cancer, microdissected adenocarcinoma"	"Cervical cancer_20-04T"	"ftp://ftp.ncbi.nlm.nih.gov/pub/geo/DATA/supplementary/samples/GSM247nnn/GSM247876/GSM247876.CEL.gz"	"GSE9750"	"CervixCancer-ACC"
"GSM247877"	"Cervical cancer_56-04T"	"GPL96"	"Cervical cancer, squamous cell carcinoma, microdissected, age 45, stage IB2, HPV negative"	"Cervical cancer, microdissected squamous cell carcinoma"	"Cervical cancer_56-04T"	"ftp://ftp.ncbi.nlm.nih.gov/pub/geo/DATA/supplementary/samples/GSM247nnn/GSM247877/GSM247877.CEL.gz"	"GSE9750"	"CervixCancer-SCC"
"GSM247878"	"Cervical cancer_88-04T"	"GPL96"	"Cervical cancer, squamous cell carcinoma, microdissected, stage IIB1, HPV 18, HPV 45"	"Cervical cancer, microdissected squamous cell carcinoma"	"Cervical cancer_88-04T"	"ftp://ftp.ncbi.nlm.nih.gov/pub/geo/DATA/supplementary/samples/GSM247nnn/GSM247878/GSM247878.CEL.gz"	"GSE9750"	"CervixCancer-SCC"
"GSM247879"	"Cervical cancer_98-04T"	"GPL96"	"Cervical cancer, squamous cell carcinoma, microdissected, age 35, stage IB1, HPV 18, HPV 45"	"Cervical cancer, microdissected squamous cell carcinoma"	"Cervical cancer_98-04T"	"ftp://ftp.ncbi.nlm.nih.gov/pub/geo/DATA/supplementary/samples/GSM247nnn/GSM247879/GSM247879.CEL.gz"	"GSE9750"	"CervixCancer-SCC"
"GSM247881"	"Cervical cancer_103-04T"	"GPL96"	"Cervical cancer, squamous cell carcinoma, microdissected, stage IIIA, HPV 16"	"Cervical cancer, microdissected squamous cell carcinoma"	"Cervical cancer_103-04T"	"ftp://ftp.ncbi.nlm.nih.gov/pub/geo/DATA/supplementary/samples/GSM247nnn/GSM247881/GSM247881.CEL.gz"	"GSE9750"	"CervixCancer-SCC"
"GSM247882"	"Cervical cancer_CaCx28"	"GPL96"	"Cervical cancer, squamous cell carcinoma, microdissected, age 53, HPV 16"	"Cervical cancer, microdissected sqamous cell carcinoma"	"Cervical cancer_CaCx28"	"ftp://ftp.ncbi.nlm.nih.gov/pub/geo/DATA/supplementary/samples/GSM247nnn/GSM247882/GSM247882.CEL.gz"	"GSE9750"	"CervixCancer-SCC"
"GSM247883"	"Cervical cancer_CaCx54"	"GPL96"	"Cervical cancer, squamous cell carcinoma, microdissected, age 82, HPV 16"	"Cervical cancer, microdissected squamous cell carcinoma"	"Cervical cancer_CaCx54"	"ftp://ftp.ncbi.nlm.nih.gov/pub/geo/DATA/supplementary/samples/GSM247nnn/GSM247883/GSM247883.CEL.gz"	"GSE9750"	"CervixCancer-SCC"
"GSM247884"	"Cervical cancer_CaCx60"	"GPL96"	"Cervical cancer, squamous cell carcinoma, microdissected, age 47, HPV 16"	"Cervical cancer, microdissected squamous cell carcinoma"	"Cervical cancer_CaCx60"	"ftp://ftp.ncbi.nlm.nih.gov/pub/geo/DATA/supplementary/samples/GSM247nnn/GSM247884/GSM247884.CEL.gz"	"GSE9750"	"CervixCancer-SCC"
"GSM247885"	"Cervical cancer_CaCx70"	"GPL96"	"Cervical cancer, squamous cell carcinoma, microdissected, age 48, HPV 16, HPV 31, HPV 45"	"Cervical cancer, microdissected squamous cell carcinoma"	"Cervical cancer_CaCx70"	"ftp://ftp.ncbi.nlm.nih.gov/pub/geo/DATA/supplementary/samples/GSM247nnn/GSM247885/GSM247885.CEL.gz"	"GSE9750"	"CervixCancer-SCC"
"GSM247886"	"Cervical cancer_CaCx81"	"GPL96"	"Cervical cancer, squamous cell carcinoma, microdissected, age 32, HPV 16, HPV 31, HPV 45"	"Cervical cancer, microdissected squamous cell carcinoma"	"Cervical cancer_CaCx81"	"ftp://ftp.ncbi.nlm.nih.gov/pub/geo/DATA/supplementary/samples/GSM247nnn/GSM247886/GSM247886.CEL.gz"	"GSE9750"	"CervixCancer-SCC"
"GSM247887"	"Cervical cancer_CaCx83"	"GPL96"	"Cervical cancer, squamous cell carcinoma, microdissected, age 35, HPV 16, HPV 18, HPV 31, HPV 45"	"Cervical cancer, microdissected squamous cell carcinoma"	"Cervical cancer_CaCx83"	"ftp://ftp.ncbi.nlm.nih.gov/pub/geo/DATA/supplementary/samples/GSM247nnn/GSM247887/GSM247887.CEL.gz"	"GSE9750"	"CervixCancer-SCC"
"GSM263955"	"HeLa total RNA, chip HG-U133A"	"GPL96"	"Strain:"	"This sample was analyzed as part of the Stem Cell Genomics Project (http://www.stembase.ca).  The biological material was submitted to the Ontario Genomics Innovation Centre (http://www.ottawagenomecenter.ca/) by Dr. John Dick (jdick@uhnres.utoronto.ca; Room 6-608; 620 University Avenue) for analysis.-|-Stembase Experiment ID:			E5-|-Stembase Experiment ID link:		http://www.stembase.ca/?path=/browse/experiment&id=5-|-SCGP Sample ID:				S6-|-SCGP Sample ID link:			http://www.stembase.ca/?path=/browse/experiment&id=5#SAMPLE_5-|-Short description:			HeLa total RNA-|-RNA concentration:			7.0 ug/ul-|-Sample volume:				10 ul"	"HeLa total RNA, Cervix epithelium"	"ftp://ftp.ncbi.nlm.nih.gov/pub/geo/DATA/supplementary/samples/GSM263nnn/GSM263955/GSM263955.CEL.gz"	"GSE10436"	"HeLa"
"GSM263957"	"HeLa (1.5) template ds-cDNA, chip HG-U133A"	"GPL96"	"Strain:"	"This sample was analyzed as part of the Stem Cell Genomics Project (http://www.stembase.ca).  The biological material was submitted to the Ontario Genomics Innovation Centre (http://www.ottawagenomecenter.ca/) by Dr. John Dick (jdick@uhnres.utoronto.ca; Room 6-608; 620 University Avenue) for analysis.-|-Stembase Experiment ID:			E5-|-Stembase Experiment ID link:		http://www.stembase.ca/?path=/browse/experiment&id=5-|-SCGP Sample ID:				S63-|-SCGP Sample ID link:			http://www.stembase.ca/?path=/browse/experiment&id=5#SAMPLE_47-|-Short description:			T7-based RNA amplification from 1.0 ug of total RNA followed by the generation of template ds-cDNA from amplified RNA.-|-RNA concentration:			5.0 ug/ul-|-Sample volume:				5.0 ul"	"HeLa ds-cDNA, Cervical epithelium"	"ftp://ftp.ncbi.nlm.nih.gov/pub/geo/DATA/supplementary/samples/GSM263nnn/GSM263957/GSM263957.CEL.gz"	"GSE10436"	"HeLa"
"GSM263959"	"HeLa (2.5) template ds-cDNA, chip HG-U133A"	"GPL96"	"Strain:"	"This sample was analyzed as part of the Stem Cell Genomics Project (http://www.stembase.ca).  The biological material was submitted to the Ontario Genomics Innovation Centre (http://www.ottawagenomecenter.ca/) by Dr. John Dick (jdick@uhnres.utoronto.ca; Room 6-608; 620 University Avenue) for analysis.-|-Stembase Experiment ID:			E5-|-Stembase Experiment ID link:		http://www.stembase.ca/?path=/browse/experiment&id=5-|-SCGP Sample ID:				S64-|-SCGP Sample ID link:			http://www.stembase.ca/?path=/browse/experiment&id=5#SAMPLE_48-|-Short description:			HeLa (2.5) template ds-cDNA: T7 based RNA amplification from 40 ng of total RNA, and then template ds-cDNA was generated from amplified RNA.-|-RNA concentration:			2.0 ug/ul-|-Sample volume:				5.0 ul"	"HeLa ds-cDNA, Cervical epithelium"	"ftp://ftp.ncbi.nlm.nih.gov/pub/geo/DATA/supplementary/samples/GSM263nnn/GSM263959/GSM263959.CEL.gz"	"GSE10436"	"HeLa"
"GSM44684"	"Normal Uterus"	"GPL96"	" "	"Normal human tissue:Normal Uterus-|-Keywords = Human, Normal Tissue, Normal Uterus-|--|-"	"Normal Uterus , Commercial mRNA for normal human tissue"	"ftp://ftp.ncbi.nlm.nih.gov/pub/geo/DATA/supplementary/samples/GSM44nnn/GSM44684/GSM44684.CEL.gz"	"GSE2361"	"NormCervix"
"GSM656383"	"Sample-1B-U133A Day-2"	"GPL96"	"cell type: Primary human neonatal foreskin keratinocytes-|-time: Day-2 of point of confluence"	"Gene expression data from primary human keratinocyte subjected confluence-induced differentiation over 5 time points: day (-2), day (0), day (1), day (2) day (3), where day (0) designates a point of 100% confluence..This Sample-1B-U133A is Day-2."	"Human Keratinocytes  Differentiation."	"ftp://ftp.ncbi.nlm.nih.gov/pub/geo/DATA/supplementary/samples/GSM656nnn/GSM656383/GSM656383_PITTELKOW_1B_U133A.CEL.gz"	"GSE26688"	"keratinocytes"
"GSM656384"	"Sample-2B-U133A Day0"	"GPL96"	"cell type: Primary human neonatal foreskin keratinocytes-|-time: Day0 of point of confluence"	"Gene expression data from primary human keratinocyte subjected confluence-induced differentiation over 5 time points: day (-2), day (0), day (1), day (2) day (3), where day (0) designates a point of 100% confluence.This Sample-2B-U133A is Day0."	"Human Keratinocytes  Differentiation."	"ftp://ftp.ncbi.nlm.nih.gov/pub/geo/DATA/supplementary/samples/GSM656nnn/GSM656384/GSM656384_PITTELKOW_2B_U133A.CEL.gz"	"GSE26688"	"keratinocytes"
"GSM656385"	"Sample-3B-U133A Day+1"	"GPL96"	"cell type: Primary human neonatal foreskin keratinocytes-|-time: Day+1 of point of confluence"	"Gene expression data from primary human keratinocyte subjected confluence-induced differentiation over 5 time points: day (-2), day (0), day (1), day (2) day (3), where day (0) designates a point of 100% confluence.This Sample-3B-U133A is Day+1."	"Human Keratinocytes  Differentiation."	"ftp://ftp.ncbi.nlm.nih.gov/pub/geo/DATA/supplementary/samples/GSM656nnn/GSM656385/GSM656385_PITTELKOW_3B_U133A.CEL.gz"	"GSE26688"	"keratinocytes"
"GSM656386"	"Sample-4B-U133A Day+2"	"GPL96"	"cell type: Primary human neonatal foreskin keratinocytes-|-time: Day+2 of point of confluence"	"Gene expression data from primary human keratinocyte subjected confluence-induced differentiation over 5 time points: day (-2), day (0), day (1), day (2) day (3), where day (0) designates a point of 100% confluence.This Sample-4B-U133A is Day+2"	"Human Keratinocytes  Differentiation."	"ftp://ftp.ncbi.nlm.nih.gov/pub/geo/DATA/supplementary/samples/GSM656nnn/GSM656386/GSM656386_PITTELKOW_4B_U133A.CEL.gz"	"GSE26688"	"keratinocytes"
"GSM656387"	"Sample-5B-U133A Day+3"	"GPL96"	"cell type: Primary human neonatal foreskin keratinocytes-|-time: Day+3 of point of confluence"	"Gene expression data from primary human keratinocyte subjected confluence-induced differentiation over 5 time points: day (-2), day (0), day (1), day (2) day (3), where day (0) designates a point of 100% confluence.This Sample-5B-U133A is Day+3."	"Human Keratinocytes  Differentiation."	"ftp://ftp.ncbi.nlm.nih.gov/pub/geo/DATA/supplementary/samples/GSM656nnn/GSM656387/GSM656387_PITTELKOW_5B_U133A.CEL.gz"	"GSE26688"	"keratinocytes"
